rxn_id,wrong gpr
2OXOADOXm,((8050_AT1 and 1738_AT1) and NP_999562_1 and 4967_AT2) or (1743_AT1 and (8050_AT1 and 1738_AT1) and 4967_AT1)
34DHOXPEGOX,NP_001302599_1 or NP_001231762_1 or NP_001230868_1 or XP_020957392_1 or XP_020957390_1 or XP_020957389_1 or XP_020956211_1 or (124_AT1 and 126_AT1) or NP_001231762_1 or NP_001302599_1 or NP_001230868_1 or XP_020957392_1 or XP_020957390_1 or XP_020957389_1 or XP_020957391_1 or XP_020956211_1 or (125_AT1 and 124_AT1) or (125_AT1 and 126_AT1) or XP_020957392_1 or NP_001230868_1 or XP_020957390_1 or NP_001302599_1 or XP_020957389_1 or XP_020956211_1 or NP_001231762_1 or XP_003125651_1 or NP_001230868_1 or XP_020957390_1 or XP_020957389_1 or XP_020957391_1 or XP_020957392_1 or NP_001302599_1 or NP_001231762_1 or XP_020956211_1
34DHPHAMT,NP_001182259_1 or XP_005670994_1 or XP_005670993_1 or 1312_AT1
3AIBTm,NP_999428_1 or 18_AT1
3HKYNAKGAT,XP_005660557_1 or XP_020925479_1 or XP_005660561_1 or XP_013849369_1 or XP_013849374_1 or XP_013849373_1 or XP_003480666_1 or XP_003122257_1 or XP_013849371_1 or XP_013849370_1 or XP_020945990_1 or XP_020945988_1 or XP_020945987_1 or XP_020945986_1 or XP_020945985_1 or XP_020945984_1 or XP_020945983_1 or XP_013852880_1 or XP_013852879_1 or XP_013852878_1 or XP_020945982_1 or XP_020945981_1 or XP_005663770_1 or XP_003125974_1 or XP_001929419_2 or XP_013852876_1 or XP_020945980_1 or 51166_AT2 or XP_020928910_1
42A12BOOX,XP_020934345_1 or XP_020934344_1 or XP_020934343_1 or XP_020934342_1 or XP_003134601_1 or XP_003131441_2 or XP_020922632_1 or XP_020922633_1 or XP_020922634_1 or NP_001001640_1 or NP_001001864_1 or XP_013841525_2 or XP_020935191_1 or XP_005673626_1 or 314_AT2 or XP_003131441_2 or XP_020922632_1 or XP_020922633_1 or XP_020934345_1 or XP_020934344_1 or XP_020934343_1 or XP_020934342_1 or XP_020922634_1 or XP_003134601_1 or NP_001001864_1 or XP_013841525_2 or NP_001001640_1 or XP_020935191_1 or XP_005673626_1
4HGLSDm,NP_001239142_1 or 8659_AT2
5HOXINDACTOX,XP_013850523_2 or XP_020950265_1 or XP_020950257_1 or XP_020950268_1 or XP_020920570_1 or XP_020954233_1 or NP_001038076_1 or XP_003353634_1 or XP_001926622_4 or XP_020953871_1 or NP_001231576_1 or 8854_AT3 or XP_020935789_1 or XP_020923604_1 or XP_003132080_1 or XP_013836817_1 or XP_020935785_1 or XP_020935783_1 or XP_020935782_1 or XP_020938397_1 or XP_020938396_1 or XP_020938395_1 or XP_020938394_1 or XP_013849471_2 or NP_001302522_1 or XP_020920570_1 or XP_020950265_1 or XP_020950257_1 or XP_020954233_1 or NP_001038076_1 or XP_003353634_1 or XP_020950268_1 or 8854_AT1 or XP_020945146_1 or XP_005663205_1
5HOXINDACTOXm,NP_001038076_1 or XP_003353634_1 or XP_020950265_1 or XP_020950257_1 or XP_020920570_1 or XP_020954233_1 or XP_020950268_1 or XP_003353634_1 or NP_001038076_1 or XP_020950265_1 or XP_020950257_1 or XP_020920570_1 or XP_020954233_1 or XP_020950268_1 or NP_001239142_1 or 8659_AT2
AATA,XP_020928910_1 or 51166_AT2
ABTArm,NP_999428_1 or 18_AT1
ACACT1m,(3032_AT1 and 3030_AT1) or XP_005667359_1 or XP_005667358_1
ACITL,47_AT1 or XP_020921687_1 or XP_020921686_1 or NP_001098772_1 or XP_020921685_1 or XP_020921684_1 or NP_001244205_1
ACS,XP_005672919_1 or NP_001137167_1 or XP_020928146_1 or 55902_AT1
ACYP,97_AT1 or XP_013848230_2 or XP_020953735_1 or XP_020953737_1 or XP_020953736_1 or XP_005656433_1 or NP_001177128_1 or NP_001177127_1 or XP_020943888_1 or XP_020943887_1 or XP_013848252_1 or XP_001926603_1 or XP_020943888_1 or XP_020943887_1 or XP_020953723_1 or XP_020953722_1 or XP_020953721_1 or XP_020953720_1 or XP_020953730_1 or XP_020953732_1 or XP_020953734_1 or NP_001177127_1 or XP_005656433_1 or NP_001177128_1 or XP_013848230_2 or XP_020953735_1 or XP_020953737_1 or XP_020953736_1
ADK1,26289_AT2 or XP_005660509_1 or XP_003122225_3 or XP_020952119_1 or XP_013851623_2 or XP_003127969_4 or XP_020955337_1 or XP_020955335_1 or XP_020955334_1 or XP_020955336_1 or XP_005660509_1 or XP_003122225_3 or XP_003127969_4 or XP_020952119_1 or XP_013851623_2
ADSL1r,158_AT1 or NP_001124205_1
ADSL2r,NP_001124205_1 or 158_AT1
AHCi,10768_AT1 or NP_001011727_1 or XP_013846264_1 or XP_013846266_1 or XP_020934490_1 or XP_020934489_1 or XP_020934488_1 or XP_020934487_1 or XP_020934486_1 or XP_005657816_1 or XP_003134727_2 or XP_005657815_1 or XP_020944311_1 or NP_001188310_1 or XP_020944310_1 or NP_001188310_1 or XP_020944310_1 or XP_020944311_1 or NP_001011727_1 or XP_005657815_1 or XP_003134727_2 or XP_013846264_1 or XP_013846266_1 or XP_020934490_1 or XP_020934489_1 or XP_020934488_1 or XP_020934487_1 or XP_020934486_1 or XP_005657816_1
AKGDm,((1738_AT1 and 8050_AT1) and 4967_AT2 and 1743_AT1) or (1743_AT1 and (1738_AT1 and 8050_AT1) and 4967_AT1)
ALASm,XP_003360385_1 or XP_005673726_1 or XP_003360386_1 or 211_AT2 or XP_003360386_1 or XP_003360385_1 or XP_005673726_1 or XP_003126081_1 or XP_013852979_1
ALCD2x,NP_001230868_1 or XP_020957392_1 or NP_001231762_1 or NP_001302599_1 or XP_020957390_1 or XP_020957389_1 or XP_020956211_1 or NP_001230868_1 or XP_020957392_1 or NP_001231762_1 or NP_001302599_1 or XP_020957390_1 or XP_020957389_1 or XP_020957391_1 or XP_020956211_1 or (124_AT1 and 125_AT1) or XP_020957392_1 or NP_001230868_1 or XP_020957390_1 or NP_001302599_1 or XP_020957389_1 or XP_020956211_1 or NP_001231762_1 or NP_001230868_1 or XP_020957392_1 or NP_001231762_1 or NP_001302599_1 or XP_020957390_1 or XP_020957389_1 or XP_020957391_1 or XP_020956211_1 or NP_001231762_1 or NP_001302599_1 or NP_001230868_1 or XP_020957392_1 or XP_020957390_1 or XP_020957389_1 or XP_020957391_1 or XP_020956211_1 or NP_001230868_1 or XP_020957392_1 or NP_001231762_1 or NP_001302599_1 or XP_020957390_1 or XP_020957389_1 or XP_020956211_1 or (124_AT1 and 126_AT1) or XP_003125651_1 or 284273_AT1 or (125_AT1 and 126_AT1) or NP_001302599_1 or NP_001231762_1 or NP_001230868_1 or XP_020957392_1 or XP_020957390_1 or XP_020957389_1 or XP_020956211_1 or 284273_AT2 or NP_001230868_1 or XP_020957390_1 or XP_020957389_1 or XP_020957391_1 or XP_020957392_1 or NP_001302599_1 or NP_001231762_1 or XP_020956211_1
ALCD2y,10327_AT2 or XP_020949153_1 or XP_020949157_1 or XP_020949156_1 or XP_020949154_1 or NP_999055_1 or NP_001001539_1
ALDD20x,XP_020945146_1 or XP_005663205_1 or XP_020920570_1 or XP_020950265_1 or XP_020950257_1 or XP_020954233_1 or NP_001038076_1 or XP_003353634_1 or XP_020950268_1 or XP_013850523_2 or 8854_AT1 or XP_020950265_1 or XP_020950257_1 or XP_020950268_1 or XP_020920570_1 or XP_020954233_1 or NP_001038076_1 or XP_003353634_1 or XP_001926622_4 or XP_020953871_1 or NP_001231576_1 or 8854_AT3 or XP_020935789_1 or XP_020923604_1 or XP_003132080_1 or XP_013836817_1 or XP_020935785_1 or XP_020935783_1 or XP_020935782_1 or XP_020938397_1 or XP_020938396_1 or XP_020938395_1 or XP_020938394_1 or XP_013849471_2 or NP_001302522_1
ALDD20xm,XP_003353634_1 or NP_001038076_1 or XP_020950265_1 or XP_020950257_1 or XP_020920570_1 or XP_020954233_1 or XP_020950268_1 or NP_001038076_1 or XP_003353634_1 or XP_020950265_1 or XP_020950257_1 or XP_020920570_1 or XP_020954233_1 or XP_020950268_1 or NP_001239142_1 or 8659_AT2
ALDD2x,XP_020920570_1 or XP_020950265_1 or XP_020950257_1 or XP_020954233_1 or NP_001038076_1 or XP_003353634_1 or XP_020950268_1 or XP_020938397_1 or XP_020938396_1 or XP_020938395_1 or XP_020938394_1 or XP_013849471_2 or XP_020935789_1 or XP_020935785_1 or XP_020935783_1 or XP_020935782_1 or NP_001302522_1 or XP_003132080_1 or XP_020923604_1 or XP_013836817_1 or 8854_AT1 or 8854_AT3 or XP_020945146_1 or XP_005663205_1 or XP_020950265_1 or XP_020950257_1 or XP_020950268_1 or XP_020920570_1 or XP_020954233_1 or NP_001038076_1 or XP_003353634_1 or XP_001926622_4 or XP_020953871_1 or NP_001231576_1 or XP_020935789_1 or XP_020923604_1 or XP_003132080_1 or XP_013836817_1 or XP_020935785_1 or XP_020935783_1 or XP_020935782_1 or XP_020938397_1 or XP_020938396_1 or XP_020938395_1 or XP_020938394_1 or XP_013849471_2 or NP_001302522_1 or XP_003132080_1 or XP_020923604_1 or XP_013836817_1 or XP_020935785_1 or XP_020935783_1 or XP_020935782_1 or NP_001302522_1 or XP_020938397_1 or XP_020938396_1 or XP_020938395_1 or XP_020938394_1 or XP_013849471_2 or XP_020935789_1 or XP_013850523_2 or XP_020954233_1 or XP_003353634_1 or XP_020950265_1 or XP_020950257_1 or XP_020920570_1 or NP_001038076_1 or XP_020950268_1 or XP_013836817_1 or XP_003132080_1 or XP_020923604_1 or XP_020935785_1 or XP_020935783_1 or XP_020935782_1 or XP_020938397_1 or XP_020938396_1 or XP_020938395_1 or XP_020938394_1 or XP_013849471_2 or NP_001302522_1 or XP_020935789_1
ALDD2y,XP_013836817_1 or XP_003132080_1 or XP_020923604_1 or XP_020935785_1 or XP_020935783_1 or XP_020935782_1 or XP_020938397_1 or XP_020938396_1 or XP_020938395_1 or XP_020938394_1 or XP_013849471_2 or NP_001302522_1 or XP_020935789_1 or 8854_AT3 or XP_020945146_1 or XP_005663205_1 or XP_020950265_1 or XP_020950257_1 or XP_020950268_1 or XP_020920570_1 or XP_020954233_1 or NP_001038076_1 or XP_003353634_1 or XP_001926622_4 or XP_020953871_1 or NP_001231576_1 or 8854_AT1 or XP_020935789_1 or XP_020923604_1 or XP_003132080_1 or XP_013836817_1 or XP_020935785_1 or XP_020935783_1 or XP_020935782_1 or XP_020938397_1 or XP_020938396_1 or XP_020938395_1 or XP_020938394_1 or XP_013849471_2 or NP_001302522_1 or XP_020938397_1 or XP_020938396_1 or XP_020938395_1 or XP_020938394_1 or XP_013849471_2 or XP_020935789_1 or XP_020935785_1 or XP_020935783_1 or XP_020935782_1 or NP_001302522_1 or XP_003132080_1 or XP_020923604_1 or XP_013836817_1 or XP_003132080_1 or XP_020923604_1 or XP_013836817_1 or XP_020935785_1 or XP_020935783_1 or XP_020935782_1 or NP_001302522_1 or XP_020938397_1 or XP_020938396_1 or XP_020938395_1 or XP_020938394_1 or XP_013849471_2 or XP_020935789_1
ARGSS,XP_020925907_1 or XP_005660580_1 or XP_003353734_1 or 445_AT1
ASNS1,440_AT3 or NP_001161112_1 or 440_AT2
CBPPer,XP_003133509_2 or NP_001106916_1 or 2538_AT1 or XP_020922558_1 or XP_003131402_1
CBPSam,1373_AT1 or XP_005672216_2 or XP_020943355_1
CHOLK,1120_AT1 or NP_001193289_1 or XP_005660669_1 or XP_005660667_1 or XP_005660668_1 or NP_001193289_1 or XP_005660667_1 or XP_005660669_1 or XP_005660668_1 or 1119_AT2
CHOLtu,XP_020932858_1 or XP_005661697_1 or NP_001139224_1 or XP_003123960_1 or XP_020941084_1 or XP_020941087_1 or XP_020941083_1 or XP_020941082_1 or XP_020941088_1 or XP_020941089_1 or XP_020941091_1 or XP_013850566_2 or XP_020941090_1 or XP_020941086_1 or XP_020941085_1 or XP_020941092_1 or 6582_AT2 or NP_999067_1 or XP_020938093_1 or NP_001335904_1 or XP_020938207_1
CITL,XP_020921522_1 or XP_020921521_1 or XP_020921520_1 or XP_020921519_1 or XP_020921518_1 or XP_020921517_1 or XP_020921516_1 or XP_020921514_1 or 171425_AT2
CO2t,XP_020934183_1 or NP_999619_1 or s0001
CSm,1431_AT1 or NP_999441_1 or XP_020946802_1 or XP_020946803_1 or XP_020946806_1 or XP_020946804_1
CTPS2,XP_020936366_1 or XP_020936365_1 or XP_020936368_1 or XP_020936367_1 or XP_013841392_1 or XP_020952627_1 or XP_013844381_1 or XP_005656256_1 or XP_003128153_1 or 56474_AT2
CYSTGL,1491_AT2 or NP_001038050_1
DASPO1p,8528_AT2 or NP_001090895_1
DNAMTn,1787_AT2 or XP_020941193_1 or NP_001090906_1 or XP_020932910_1 or XP_020932908_1 or XP_020932911_1 or XP_020932907_1 or XP_020932906_1 or XP_013840728_1 or NP_001335829_1 or XP_020932913_1 or XP_020941190_1 or XP_020941189_1 or XP_020941188_1 or XP_020941187_1 or XP_020941186_1 or XP_020941185_1 or XP_020941184_1 or XP_020941183_1 or XP_020941191_1 or XP_020932915_1 or XP_020932914_1 or XP_020932912_1 or XP_020941192_1 or 1789_AT2 or 1788_AT3 or 1787_AT3 or 1788_AT4 or 1787_AT4 or XP_020919635_1 or XP_020919634_1 or NP_001156357_1 or 1789_AT1 or 1787_AT1 or 1788_AT1 or XP_020937688_1 or XP_005654886_1 or XP_005654885_1 or NP_001027526_1 or XP_020937699_1 or XP_020937695_1 or XP_020937691_1 or XP_020937712_1 or XP_020937701_1 or XP_020937723_1 or XP_020929082_1 or XP_020929083_1 or XP_020929081_1 or XP_020929080_1 or XP_020929079_1 or XP_020929086_1 or XP_020929084_1 or XP_020929085_1 or XP_020929092_1 or XP_020929090_1 or XP_020929089_1 or XP_020929088_1 or XP_020929087_1 or XP_020929091_1 or XP_020918572_1 or XP_020918573_1 or XP_020918571_1 or XP_020918570_1 or XP_020918574_1 or XP_020918575_1 or XP_020942066_1 or XP_013843165_1 or XP_005655137_1 or XP_020942067_1 or 1787_AT5 or 1789_AT4 or XP_020932907_1 or XP_020932906_1 or XP_013840728_1 or NP_001335829_1 or XP_020932910_1 or XP_020932911_1 or XP_020932908_1 or XP_020932913_1 or XP_020941190_1 or XP_020941189_1 or XP_020941188_1 or XP_020941187_1 or XP_020941186_1 or XP_020941185_1 or XP_020941184_1 or XP_020941183_1 or XP_020941191_1 or XP_020941192_1 or XP_020941193_1 or XP_020932915_1 or NP_001090906_1 or XP_020932912_1 or XP_020932914_1
DOPAMT,1312_AT1 or NP_001182259_1 or XP_005670994_1 or XP_005670993_1
DOPASULT,XP_020941836_1 or XP_020956461_1 or XP_013851342_1 or XP_005662396_1 or XP_003354750_1 or XP_005656568_1 or XP_020956116_1 or XP_020956115_1 or NP_999157_1 or XP_013851348_1 or XP_013851347_1 or XP_013851346_1 or XP_013851345_1 or XP_013851344_1 or XP_003354749_1 or XP_013851343_2 or XP_020956118_1 or XP_020956117_1 or XP_020941835_1 or NP_998930_1 or 6818_AT3 or 6817_AT3 or 6817_AT1 or 6818_AT1 or 6817_AT2 or 6817_AT5 or 6799_AT1 or XP_020956461_1 or XP_005656568_1 or XP_003354750_1 or XP_013851343_2 or NP_998930_1 or XP_013851342_1 or XP_005662396_1 or XP_013851348_1 or XP_013851347_1 or XP_013851346_1 or XP_013851345_1 or XP_013851344_1 or XP_003354749_1 or NP_999157_1 or XP_020956116_1 or XP_020956115_1 or XP_020956118_1 or XP_020956117_1 or NP_998930_1 or XP_020956461_1 or XP_013851342_1 or XP_005662396_1 or XP_005656568_1 or XP_013851348_1 or XP_013851347_1 or XP_013851346_1 or XP_013851345_1 or XP_013851344_1 or XP_003354749_1 or XP_003354750_1 or XP_020956116_1 or XP_020956115_1 or NP_999157_1 or XP_013851343_2 or XP_020956118_1 or XP_020956117_1
DPGM,XP_020934104_1 or XP_020934103_1 or XP_020934102_1 or XP_020934101_1 or NP_001128440_1 or XP_003483583_1 or XP_020934835_1 or 669_AT2 or XP_020934835_1 or XP_020934104_1 or XP_020934103_1 or XP_020934102_1 or XP_020934101_1 or NP_001128440_1 or XP_003483583_1 or 5224_AT1 or XP_003483583_1 or XP_020934104_1 or XP_020934103_1 or XP_020934102_1 or XP_020934101_1 or NP_001128440_1 or XP_020934835_1
DPGase,XP_020934835_1 or XP_020934104_1 or XP_020934103_1 or XP_020934102_1 or XP_020934101_1 or NP_001128440_1 or XP_003483583_1 or 669_AT2 or XP_020934104_1 or XP_020934103_1 or XP_020934102_1 or XP_020934101_1 or NP_001128440_1 or XP_003483583_1 or XP_020934835_1 or 5224_AT1 or XP_003483583_1 or XP_020934104_1 or XP_020934103_1 or XP_020934102_1 or XP_020934101_1 or NP_001128440_1 or XP_020934835_1
ECOAH12m,NP_001177104_1 or (3030_AT1 and 3032_AT1)
ECOAH1m,NP_001177104_1 or XP_020952286_1 or XP_020952283_1 or XP_020952284_1 or XP_020952281_1 or XP_020952282_1 or XP_020952280_1 or XP_020952277_1 or XP_020952287_1 or XP_020952279_1 or XP_020952276_1 or XP_020952278_1 or XP_001928827_3 or XP_020952289_1 or XP_013845695_1 or XP_020952288_1 or (3030_AT1 and 3032_AT1)
ECOAH9m,NP_001177104_1 or (3032_AT1 and 3030_AT1)
ENO,NP_001037992_1 or XP_020950938_1 or XP_020950937_1 or XP_005652652_1 or XP_020950939_1 or XP_020948071_1 or 2027_AT2 or XP_005652652_1 or XP_020950938_1 or XP_020950937_1 or NP_001037992_1 or XP_020950939_1 or XP_020948071_1 or XP_020950938_1 or XP_020950937_1 or XP_020948071_1 or XP_020950939_1 or XP_005652652_1 or NP_001037992_1 or 26237_AT1
FBA,XP_020922513_1 or XP_020943657_1 or XP_020943656_1 or XP_020943655_1 or XP_020943663_1 or XP_020943661_1 or XP_020943660_1 or XP_020943659_1 or XP_020943654_1 or XP_005657046_1 or NP_001230857_1 or XP_020943658_1 or XP_020943663_1 or XP_020943661_1 or XP_020943660_1 or XP_020943659_1 or XP_020943658_1 or XP_005657046_1 or NP_001230857_1 or XP_020922513_1 or XP_020943657_1 or XP_020943656_1 or XP_020943655_1 or XP_020943654_1 or 226_AT3 or XP_005657046_1 or NP_001230857_1 or XP_020943657_1 or XP_020943656_1 or XP_020943655_1 or XP_020943663_1 or XP_020943661_1 or XP_020943660_1 or XP_020943659_1 or XP_020943654_1 or XP_020943658_1 or XP_020922513_1 or 226_AT1
FTCD,10841_AT1 or NP_999440_1
FTHFLi,XP_001924364_2 or XP_020955572_1 or XP_020942438_1 or 286297_AT1
G5SADs,s0001
G6PPer,2538_AT1 or XP_003133509_2 or NP_001106916_1 or XP_020922558_1 or XP_003131402_1
GALUi,7360_AT1 or NP_999145_1 or XP_020941497_1 or XP_020941496_1 or XP_020941495_1 or XP_020941494_1 or 7359_AT1
GARFT,XP_020926604_1 or 2618_AT2
GHMT2r,6470_AT2 or XP_020923652_1 or XP_020923651_1 or XP_020923649_1 or XP_020923648_1 or XP_020947486_1
GHMT3,XP_020923652_1 or XP_020923651_1 or XP_020923649_1 or XP_020923648_1 or XP_020947486_1 or 6470_AT2
GLCt1,XP_003353749_1 or XP_005660495_1 or XP_003480656_1 or XP_005660496_1 or XP_001929438_2 or XP_005673051_2 or NP_001121905_1 or XP_020952567_1 or XP_020948050_1 or XP_020948051_1 or NP_001090886_1 or XP_020952567_1 or XP_020948050_1 or XP_020948051_1 or NP_001121905_1 or NP_001090886_1 or XP_020948051_1 or XP_020948050_1 or XP_020952567_1 or NP_001121905_1 or NP_001090886_1 or XP_003121239_3 or XP_020943303_1 or XP_005652727_1 or XP_020943313_1 or XP_020948051_1 or XP_020948050_1 or XP_020952567_1 or NP_001121905_1 or 56606_AT1 or XP_020956670_1 or XP_003353749_1 or XP_003480656_1 or XP_005660495_1 or XP_005660496_1 or NP_001090886_1 or XP_020952567_1 or NP_001121905_1 or XP_020948051_1 or XP_020948050_1 or XP_020950940_1 or XP_020950941_1
GLUDC,NP_999060_2 or XP_020930328_1 or NP_999059_1 or XP_005672001_1 or XP_020955507_1 or XP_020955501_1 or XP_020947360_1 or XP_020947363_1 or XP_020947361_1 or XP_020947366_1 or XP_020947365_1 or XP_020947359_1 or XP_020947362_1 or XP_020947364_1 or XP_013841140_1 or XP_020927153_1 or NP_999059_1 or XP_020930328_1 or XP_005672001_1 or XP_020955507_1 or XP_020955501_1 or NP_999060_2 or XP_020947366_1 or XP_020947365_1 or XP_020947363_1 or XP_020947360_1 or XP_020947364_1 or XP_013841140_1 or XP_020947362_1 or XP_020947361_1 or XP_020947359_1 or XP_020927153_1 or XP_005669383_3 or 2571_AT2
GLUNm,XP_020948549_1 or XP_005663945_1 or XP_005663944_1 or XP_003481677_1 or XP_020948548_1 or XP_020931709_1 or XP_020931708_1 or XP_020931712_1 or XP_020931713_1 or XP_020931711_1 or XP_020931710_1 or 27165_AT1 or XP_003481677_1 or XP_020948548_1 or XP_005663944_1 or XP_020948549_1 or XP_005663945_1 or XP_020931709_1 or XP_020931708_1 or XP_020931712_1 or XP_020931713_1 or XP_020931711_1 or XP_020931710_1
GLUTCOADHm,2639_AT1 or XP_020939374_1 or XP_020939375_1 or XP_003123376_1
GLYCLm,(100763091 and NP_999227_1 and 100765652) or (100763091 and NP_999227_1 and 100765652)
GluForTx,NP_999440_1 or 10841_AT1
H2O2syn,XP_020938217_1 or NP_999164_2 or NP_999261_1 or 53905_AT2 or NP_999164_2 or XP_020938217_1 or NP_999261_1
HACD1m,NP_999496_1 or (3032_AT1 and 3030_AT1) or XP_003135174_1 or XP_003135175_1 or XP_020936270_1
HEX1,3098_AT3 or XP_020940071_1 or XP_020940073_1 or XP_013841286_1 or XP_003134931_2 or XP_001928917_1 or NP_001230113_1 or NP_001116459_1 or XP_003123703_1 or XP_020940072_1 or XP_020940070_1 or 3098_AT2 or XP_020940070_1 or NP_001116459_1 or XP_020940072_1 or XP_020940071_1 or XP_013841286_1 or XP_003134931_2 or NP_001230113_1 or XP_001928917_1 or XP_003123703_1 or XP_020940073_1 or XP_020940072_1 or XP_020940071_1 or XP_020940073_1 or XP_013841286_1 or XP_003134931_2 or NP_001230113_1 or NP_001116459_1 or XP_001928917_1 or XP_003123703_1 or XP_020940070_1 or XP_003123703_1 or XP_020940072_1 or XP_020940071_1 or NP_001116459_1 or NP_001230113_1 or XP_001928917_1 or XP_020940073_1 or XP_013841286_1 or XP_003134931_2 or XP_020940070_1 or 2645_AT3 or 3098_AT1 or 2645_AT2 or 3098_AT5 or NP_001116459_1 or XP_001928917_1 or XP_013841286_1 or XP_003134931_2 or NP_001230113_1 or XP_020940073_1 or XP_020940072_1 or XP_020940071_1 or XP_003123703_1
HISTASE,XP_020934345_1 or XP_020934344_1 or XP_020934343_1 or XP_020934342_1 or XP_003134601_1 or 314_AT2 or XP_003131441_2 or XP_020922632_1 or XP_020922633_1 or XP_020922634_1
HPROxm,NP_001239142_1 or 8659_AT2
Htm,NP_999454_1 or NP_999214_1 or XP_020956202_1 or NP_999214_1 or XP_020956202_1 or NP_999454_1 or 7352_AT1 or NP_999214_1 or NP_999454_1 or XP_020956202_1 or 9016_AT1 or XP_013833450_1 or XP_020953783_1 or XP_020953780_1 or XP_005666133_1 or XP_020953772_1 or XP_020953782_1 or XP_005666135_1 or XP_005666132_1 or XP_020953776_1 or XP_005666134_1 or XP_020953774_1 or XP_020953775_1 or XP_020953771_1 or NP_001182044_1 or XP_020953778_1 or XP_020953779_1 or XP_020953777_1 or XP_020935693_1 or XP_020935692_1 or XP_005673964_1 or XP_003360489_2 or XP_020935691_1 or XP_005673963_1 or XP_020921266_1 or XP_020921265_1
ICDHxm,(3419_AT1 and XP_003135545_1 or XP_003135546_1 or XP_020935333_1 or XP_020932991_1 or NP_001038040_1 and 3420_AT1) or (3421_AT1 and XP_001927373_4 or XP_020932991_1 and 3420_AT2) or (3421_AT1 and XP_001927373_4 or XP_020932991_1 and 3420_AT1) or (3419_AT1 and 3421_AT2 and 3420_AT2) or (3420_AT3 and 3421_AT2 and 3419_AT1) or (3420_AT3 and XP_001927373_4 or XP_020932991_1 and 3421_AT1)
IDHPOXOX2b,7173_AT1 or 7173_AT2 or XP_020941550_1 or NP_001171681_1 or NP_001001771_1 or XP_020950058_1 or XP_020936363_1 or XP_020936373_1 or XP_020941549_1 or 7173_AT5 or 7173_AT4
IDHPOXOX3,7173_AT1 or 7173_AT2 or XP_020941550_1 or NP_001171681_1 or NP_001001771_1 or XP_020950058_1 or XP_020936363_1 or XP_020936373_1 or XP_020941549_1 or 7173_AT5 or 7173_AT4
IDHPOXOX4,7173_AT2 or 7173_AT1 or XP_020941550_1 or NP_001171681_1 or NP_001001771_1 or XP_020950058_1 or XP_020936363_1 or XP_020936373_1 or XP_020941549_1 or 7173_AT5 or 7173_AT4
IDHPOXOXb,7173_AT1 or 7173_AT2 or 7173_AT4 or 7173_AT5 or XP_020941550_1 or NP_001171681_1 or NP_001001771_1 or XP_020950058_1 or XP_020936363_1 or XP_020936373_1 or XP_020941549_1
IMACTD,XP_020945146_1 or XP_005663205_1 or XP_020920570_1 or XP_020950265_1 or XP_020950257_1 or XP_020954233_1 or NP_001038076_1 or XP_003353634_1 or XP_020950268_1 or 8854_AT3 or XP_020935789_1 or XP_020923604_1 or XP_003132080_1 or XP_013836817_1 or XP_020935785_1 or XP_020935783_1 or XP_020935782_1 or XP_020938397_1 or XP_020938396_1 or XP_020938395_1 or XP_020938394_1 or XP_013849471_2 or NP_001302522_1 or XP_013850523_2 or 8854_AT1 or XP_020950265_1 or XP_020950257_1 or XP_020950268_1 or XP_020920570_1 or XP_020954233_1 or NP_001038076_1 or XP_003353634_1 or XP_001926622_4 or XP_020953871_1 or NP_001231576_1
IMACTD_m,XP_003353634_1 or NP_001038076_1 or XP_020950265_1 or XP_020950257_1 or XP_020920570_1 or XP_020954233_1 or XP_020950268_1 or NP_001038076_1 or XP_003353634_1 or XP_020950265_1 or XP_020950257_1 or XP_020920570_1 or XP_020954233_1 or XP_020950268_1 or 8659_AT2 or NP_001239142_1
IMPD,XP_003132249_2 or XP_020934369_1 or XP_020934368_1 or XP_005669590_1 or 3614_AT1 or XP_003132249_2 or XP_020934369_1 or XP_020934368_1 or XP_005669590_1
KYNAKGAT,XP_005660557_1 or XP_020925479_1 or XP_005660561_1 or XP_013849369_1 or XP_013849374_1 or XP_013849373_1 or XP_003480666_1 or XP_003122257_1 or XP_013849371_1 or XP_013849370_1 or XP_020945990_1 or XP_020945988_1 or XP_020945987_1 or XP_020945986_1 or XP_020945985_1 or XP_020945984_1 or XP_020945983_1 or XP_013852880_1 or XP_013852879_1 or XP_013852878_1 or XP_020945982_1 or XP_020945981_1 or XP_005663770_1 or XP_003125974_1 or XP_001929419_2 or XP_013852876_1 or XP_020945980_1 or 51166_AT2 or XP_020928910_1
LDH_L,NP_001302607_1 or XP_013849955_2 or XP_020937310_1 or XP_020937318_1 or XP_020937314_1 or NP_001165834_1 or XP_020933337_1 or NP_001182704_1 or XP_013843801_1 or XP_020947911_1 or NP_001106758_1 or XP_020933342_1 or XP_020933349_1 or XP_020937318_1 or XP_020937314_1 or NP_001165834_1 or XP_020933337_1 or NP_001182704_1 or XP_020947911_1 or NP_001106758_1 or XP_020933342_1 or XP_020933349_1 or NP_001302607_1 or XP_013849955_2 or XP_020937310_1 or XP_013843801_1 or XP_020938923_1 or XP_020938921_1 or XP_020938920_1 or XP_013849947_2 or XP_020933342_1 or NP_001182704_1 or XP_020933337_1 or XP_020947911_1 or NP_001106758_1 or XP_013843801_1 or 3948_AT2 or XP_020933349_1 or XP_020933337_1 or NP_001182704_1 or XP_020933342_1 or XP_020937318_1 or XP_020937314_1 or XP_020937310_1 or NP_001165834_1 or XP_013849955_2 or XP_020947911_1 or NP_001106758_1 or NP_001302607_1 or XP_013843801_1 or (3945_AT1 and 3939_AT1) or NP_001302607_1 or XP_020933349_1 or XP_020947911_1 or XP_013843801_1 or NP_001106758_1 or XP_020937318_1 or XP_020937314_1 or XP_020937310_1 or NP_001165834_1 or XP_013849955_2 or NP_001182704_1 or XP_020933337_1 or XP_020933342_1 or XP_020937318_1 or XP_020937314_1 or NP_001165834_1 or XP_020947911_1 or NP_001106758_1 or XP_020933349_1 or XP_013843801_1 or XP_020933337_1 or NP_001182704_1 or XP_020933342_1 or XP_013849955_2 or XP_020937310_1 or NP_001302607_1
LYSMTF1n,XP_020939844_1 or XP_020939848_1 or XP_020939847_1 or XP_020939845_1 or XP_020939846_1 or XP_020939850_1 or XP_020939849_1 or XP_005656590_2 or XP_020957218_1 or XP_020957219_1 or XP_020927924_1 or XP_020927923_1 or XP_020927921_1 or XP_020927922_1 or 58508_AT2 or XP_003131014_1 or XP_020920972_1 or XP_013835963_1 or XP_013835962_1 or XP_013835961_1 or XP_020920973_1 or XP_013835966_1 or XP_020926616_1 or XP_013837367_1 or XP_020935735_1 or XP_005663544_1 or XP_005663543_1 or XP_005663545_1 or XP_013852633_1 or 10919_AT1 or XP_020934799_1 or XP_020934797_1 or XP_020934789_1 or XP_020934790_1 or XP_020934791_1 or XP_020934782_1 or XP_020934781_1 or XP_020934792_1 or XP_020934783_1 or XP_020934780_1 or XP_020934785_1 or XP_020934793_1 or XP_020934784_1 or XP_020934794_1 or XP_020934795_1 or XP_020934796_1 or XP_020934787_1 or XP_020934786_1 or XP_020947252_1 or XP_020928890_1 or XP_020920226_1 or XP_020948145_1 or XP_005652846_1 or XP_005652845_1 or XP_005652844_1 or XP_003122440_3 or XP_005652843_1 or XP_020938798_1 or XP_020938797_1 or XP_020938796_1 or XP_020938795_1 or XP_005661021_2 or XP_020938794_1 or XP_020938793_1 or XP_020938792_1 or XP_020938791_1 or XP_020938790_1 or XP_020938788_1 or XP_020938787_1 or XP_020938786_1 or XP_020938785_1 or XP_020938784_1 or XP_020938783_1 or XP_020938782_1 or XP_020938781_1 or XP_020938780_1 or XP_005661020_2 or XP_020938801_1 or XP_020938800_1 or XP_013849832_2 or XP_005668170_1 or XP_013835690_1 or XP_005668176_1 or NP_001034836_1 or XP_020934645_1 or XP_020955569_1 or XP_005673368_1 or XP_005673367_1 or XP_003360239_3 or XP_013835446_1 or XP_003131586_1 or XP_020922767_1 or XP_020922765_1 or XP_020922764_1 or XP_020922763_1 or XP_003131193_1 or NP_001231428_1 or XP_020935737_1 or XP_020935736_1 or XP_020935735_1 or XP_020947403_1 or XP_020947402_1 or XP_020947401_1 or XP_020947399_1 or XP_013853036_2 or XP_005663906_1 or XP_020935736_1 or XP_020935737_1 or XP_020935735_1 or XP_020936859_1 or XP_020936858_1 or XP_020936856_1 or XP_020936861_1 or XP_020936857_1 or XP_020936860_1 or NP_001095293_1 or XP_003131014_1 or XP_020920972_1 or XP_013835963_1 or XP_013835962_1 or XP_013835961_1 or XP_020920973_1 or XP_013835966_1 or XP_013852633_1 or XP_005663544_1 or XP_005663543_1 or XP_005663545_1 or XP_020935737_1 or XP_005668170_1 or XP_013835690_1 or XP_005668176_1 or NP_001034836_1 or NP_001095293_1 or XP_020935736_1 or XP_020935735_1 or NP_001095293_1 or XP_020936858_1 or XP_020936857_1 or XP_020936859_1 or XP_020935735_1 or XP_020936861_1 or XP_020936856_1 or XP_020936860_1 or XP_020935736_1 or XP_020935737_1
LYSMTF2n,XP_003131014_1 or XP_020920972_1 or XP_013835963_1 or XP_013835962_1 or XP_013835961_1 or XP_020920973_1 or XP_013835966_1 or XP_013852633_1 or XP_005663544_1 or XP_005663543_1 or XP_005663545_1 or XP_020934799_1 or XP_020934797_1 or XP_020934789_1 or XP_020934790_1 or XP_020934791_1 or XP_020934782_1 or XP_020934781_1 or XP_020934792_1 or XP_020934783_1 or XP_020934780_1 or XP_020934785_1 or XP_020934793_1 or XP_020934784_1 or XP_020934794_1 or XP_020934795_1 or XP_020934796_1 or XP_020934787_1 or XP_020934786_1 or XP_020947252_1 or XP_020928890_1 or XP_020920226_1 or XP_020948145_1 or XP_005652846_1 or XP_005652845_1 or XP_005652844_1 or XP_003122440_3 or XP_005652843_1 or XP_020938798_1 or XP_020938797_1 or XP_020938796_1 or XP_020938795_1 or XP_005661021_2 or XP_020938794_1 or XP_020938793_1 or XP_020938792_1 or XP_020938791_1 or XP_020938790_1 or XP_020938788_1 or XP_020938787_1 or XP_020938786_1 or XP_020938785_1 or XP_020938784_1 or XP_020938783_1 or XP_020938782_1 or XP_020938781_1 or XP_020938780_1 or XP_005661020_2 or XP_020938801_1 or XP_020938800_1 or XP_013849832_2 or XP_005668170_1 or XP_013835690_1 or XP_005668176_1 or NP_001034836_1 or XP_020934645_1 or XP_020955569_1 or XP_005673368_1 or XP_005673367_1 or XP_003360239_3 or XP_013835446_1 or XP_003131586_1 or XP_020922767_1 or XP_020922765_1 or XP_020922764_1 or XP_020922763_1 or XP_003131193_1 or NP_001231428_1 or XP_020935737_1 or XP_020935736_1 or XP_020935735_1 or XP_020947403_1 or XP_020947402_1 or XP_020947401_1 or XP_020947399_1 or XP_013853036_2 or XP_005663906_1 or NP_001095293_1 or XP_020936858_1 or XP_020936857_1 or XP_020936859_1 or XP_020935735_1 or XP_020936861_1 or XP_020936856_1 or XP_020936860_1 or XP_020935736_1 or XP_020935737_1 or XP_020935737_1 or XP_005668170_1 or XP_013835690_1 or XP_005668176_1 or NP_001034836_1 or NP_001095293_1 or XP_020935736_1 or XP_020935735_1 or 10919_AT1 or XP_020927924_1 or XP_020927923_1 or XP_020927921_1 or XP_020927922_1 or XP_020939844_1 or XP_020939848_1 or XP_020939847_1 or XP_020939845_1 or XP_020939846_1 or XP_020939850_1 or XP_020939849_1 or XP_020935736_1 or XP_020935737_1 or XP_020935735_1 or XP_020936859_1 or XP_020936858_1 or XP_020936856_1 or XP_020936861_1 or XP_020936857_1 or XP_020936860_1 or NP_001095293_1 or 58508_AT2 or XP_003131014_1 or XP_020920972_1 or XP_013835963_1 or XP_013835962_1 or XP_013835961_1 or XP_020920973_1 or XP_013835966_1 or XP_020926616_1 or XP_013837367_1 or XP_020935735_1 or XP_005663544_1 or XP_005663543_1 or XP_005663545_1 or XP_013852633_1 or XP_005656590_2 or XP_020957218_1 or XP_020957219_1
LYSMTF3n,10919_AT1 or NP_001095293_1 or XP_020936858_1 or XP_020936857_1 or XP_020936859_1 or XP_020935735_1 or XP_020936861_1 or XP_020936856_1 or XP_020936860_1 or XP_020935736_1 or XP_020935737_1 or XP_020935737_1 or XP_005668170_1 or XP_013835690_1 or XP_005668176_1 or NP_001034836_1 or NP_001095293_1 or XP_020935736_1 or XP_020935735_1 or XP_020934799_1 or XP_020934797_1 or XP_020934789_1 or XP_020934790_1 or XP_020934791_1 or XP_020934782_1 or XP_020934781_1 or XP_020934792_1 or XP_020934783_1 or XP_020934780_1 or XP_020934785_1 or XP_020934793_1 or XP_020934784_1 or XP_020934794_1 or XP_020934795_1 or XP_020934796_1 or XP_020934787_1 or XP_020934786_1 or XP_020947252_1 or XP_020928890_1 or XP_020920226_1 or XP_020948145_1 or XP_005652846_1 or XP_005652845_1 or XP_005652844_1 or XP_003122440_3 or XP_005652843_1 or XP_020938798_1 or XP_020938797_1 or XP_020938796_1 or XP_020938795_1 or XP_005661021_2 or XP_020938794_1 or XP_020938793_1 or XP_020938792_1 or XP_020938791_1 or XP_020938790_1 or XP_020938788_1 or XP_020938787_1 or XP_020938786_1 or XP_020938785_1 or XP_020938784_1 or XP_020938783_1 or XP_020938782_1 or XP_020938781_1 or XP_020938780_1 or XP_005661020_2 or XP_020938801_1 or XP_020938800_1 or XP_013849832_2 or XP_003131014_1 or XP_020920972_1 or XP_013835963_1 or XP_013835962_1 or XP_013835961_1 or XP_020920973_1 or XP_013835966_1 or XP_013852633_1 or XP_005663544_1 or XP_005663543_1 or XP_005663545_1 or XP_005668170_1 or XP_013835690_1 or XP_005668176_1 or NP_001034836_1 or XP_020934645_1 or XP_020955569_1 or XP_005673368_1 or XP_005673367_1 or XP_003360239_3 or XP_013835446_1 or XP_003131586_1 or XP_020922767_1 or XP_020922765_1 or XP_020922764_1 or XP_020922763_1 or XP_003131193_1 or NP_001231428_1 or XP_020935737_1 or XP_020935736_1 or XP_020935735_1 or XP_020947403_1 or XP_020947402_1 or XP_020947401_1 or XP_020947399_1 or XP_013853036_2 or XP_005663906_1 or XP_003131014_1 or XP_020920972_1 or XP_013835963_1 or XP_013835962_1 or XP_013835961_1 or XP_020920973_1 or XP_013835966_1 or XP_020926616_1 or XP_013837367_1 or XP_020935735_1 or XP_005663544_1 or XP_005663543_1 or XP_005663545_1 or XP_013852633_1 or XP_005656590_2 or XP_020957218_1 or XP_020957219_1 or XP_020939844_1 or XP_020939848_1 or XP_020939847_1 or XP_020939845_1 or XP_020939846_1 or XP_020939850_1 or XP_020939849_1 or XP_020927924_1 or XP_020927923_1 or XP_020927921_1 or XP_020927922_1 or 58508_AT2 or XP_020935736_1 or XP_020935737_1 or XP_020935735_1 or XP_020936859_1 or XP_020936858_1 or XP_020936856_1 or XP_020936861_1 or XP_020936857_1 or XP_020936860_1 or NP_001095293_1
MACACI,2954_AT1 or 2954_AT2 or NP_001230567_1 or XP_020953926_1 or XP_013844648_1 or XP_013844647_1 or XP_013844646_1 or XP_005656487_1 or XP_020953925_1
MAN1PT,NP_001231470_1 or XP_005669603_1 or (100760573 and 100765276)
MAN1PT2,NP_001231587_1 or NP_001231586_1 or 29925_AT1 or NP_001231470_1 or XP_005669603_1 or 29926_AT2
MAOX,XP_020934345_1 or XP_020934344_1 or XP_020934343_1 or XP_020934342_1 or XP_003134601_1 or XP_003131441_2 or XP_020922632_1 or XP_020922633_1 or XP_020922634_1 or 314_AT2 or XP_003131441_2 or XP_020922632_1 or XP_020922633_1 or XP_020934345_1 or XP_020934344_1 or XP_020934343_1 or XP_020934342_1 or XP_020922634_1 or XP_003134601_1
MCLORi,XP_020938923_1 or XP_020938921_1 or XP_020938920_1 or XP_013849947_2 or XP_020933342_1 or NP_001182704_1 or XP_020933337_1 or XP_020947911_1 or NP_001106758_1 or XP_013843801_1 or XP_020933349_1 or XP_020933337_1 or NP_001182704_1 or XP_020933342_1 or XP_020937318_1 or XP_020937314_1 or XP_020937310_1 or NP_001165834_1 or XP_013849955_2 or XP_020947911_1 or NP_001106758_1 or NP_001302607_1 or XP_013843801_1 or 3948_AT2 or NP_001302607_1 or XP_013849955_2 or XP_020937310_1 or XP_020937318_1 or XP_020937314_1 or NP_001165834_1 or XP_020933337_1 or NP_001182704_1 or XP_013843801_1 or XP_020947911_1 or NP_001106758_1 or XP_020933342_1 or XP_020933349_1 or XP_020937318_1 or XP_020937314_1 or NP_001165834_1 or XP_020933337_1 or NP_001182704_1 or XP_020947911_1 or NP_001106758_1 or XP_020933342_1 or XP_020933349_1 or NP_001302607_1 or XP_013849955_2 or XP_020937310_1 or XP_013843801_1 or XP_020937318_1 or XP_020937314_1 or NP_001165834_1 or XP_020947911_1 or NP_001106758_1 or XP_020933349_1 or XP_013843801_1 or XP_020933337_1 or NP_001182704_1 or XP_020933342_1 or XP_013849955_2 or XP_020937310_1 or NP_001302607_1 or (3945_AT1 and 3939_AT1) or NP_001302607_1 or XP_020933349_1 or XP_020947911_1 or XP_013843801_1 or NP_001106758_1 or XP_020937318_1 or XP_020937314_1 or XP_020937310_1 or NP_001165834_1 or XP_013849955_2 or NP_001182704_1 or XP_020933337_1 or XP_020933342_1
METAT,(27430_AT2 and 4144_AT1) or NP_001230116_1 or NP_001161122_1 or (4144_AT1 and 27430_AT1)
MHISOR,XP_020934345_1 or XP_020934344_1 or XP_020934343_1 or XP_020934342_1 or XP_003134601_1 or XP_003131441_2 or XP_020922632_1 or XP_020922633_1 or XP_020934345_1 or XP_020934344_1 or XP_020934343_1 or XP_020934342_1 or XP_020922634_1 or XP_003134601_1 or 314_AT2 or XP_003131441_2 or XP_020922632_1 or XP_020922633_1 or XP_020922634_1
MMMm,100765277
MTHFC,80068_AT1 or XP_001924364_2 or XP_020955572_1 or XP_020942438_1 or 285216_AT1
NABTNO,8854_AT3 or XP_020945146_1 or XP_005663205_1 or XP_020920570_1 or XP_020950265_1 or XP_020950257_1 or XP_020954233_1 or NP_001038076_1 or XP_003353634_1 or XP_020950268_1 or 8854_AT1 or XP_013850523_2 or XP_020935789_1 or XP_020923604_1 or XP_003132080_1 or XP_013836817_1 or XP_020935785_1 or XP_020935783_1 or XP_020935782_1 or XP_020938397_1 or XP_020938396_1 or XP_020938395_1 or XP_020938394_1 or XP_013849471_2 or NP_001302522_1 or XP_020950265_1 or XP_020950257_1 or XP_020950268_1 or XP_020920570_1 or XP_020954233_1 or NP_001038076_1 or XP_003353634_1 or XP_001926622_4 or XP_020953871_1 or NP_001231576_1
NDPK1,(4830_AT2 and 4831_AT1) or (4830_AT1 and 4831_AT1) or XP_020926286_1 or XP_020926284_1 or XP_013837108_1 or XP_003132229_1 or XP_003132227_1 or XP_003132226_1 or XP_003132225_1 or XP_020945099_1 or XP_020945098_1 or XP_020945101_1 or XP_020945100_1 or NP_001231379_1 or NP_001231378_1 or XP_013843207_1 or XP_013843206_1 or XP_020941257_1 or XP_020926286_1 or XP_020926284_1 or XP_013837108_1 or XP_003132229_1 or XP_003132227_1 or XP_003132226_1 or XP_003132225_1 or XP_020941259_1 or XP_020941258_1 or NP_001038075_1 or XP_005668988_1 or NP_001191688_1 or XP_020941256_1 or NP_001137192_1 or 29922_AT2
NDPK2,(4830_AT1 and 4831_AT1) or (4830_AT2 and 4831_AT1) or NP_001231379_1 or NP_001231378_1 or XP_013843207_1 or XP_013843206_1 or XP_020941257_1 or XP_020926286_1 or XP_020926284_1 or XP_013837108_1 or XP_003132229_1 or XP_003132227_1 or XP_003132226_1 or XP_003132225_1 or XP_020941259_1 or XP_020941258_1 or NP_001038075_1 or XP_005668988_1 or NP_001191688_1 or XP_020941256_1 or NP_001137192_1 or XP_020926286_1 or XP_020926284_1 or XP_013837108_1 or XP_003132229_1 or XP_003132227_1 or XP_003132226_1 or XP_003132225_1 or XP_020945099_1 or XP_020945098_1 or XP_020945101_1 or XP_020945100_1 or 29922_AT2
NDPK3,XP_020945099_1 or XP_020945098_1 or XP_020945101_1 or XP_020945100_1 or (4830_AT2 and 4831_AT1) or 29922_AT2 or NP_001231379_1 or NP_001231378_1 or XP_013843207_1 or XP_013843206_1 or XP_020941257_1 or XP_020926286_1 or XP_020926284_1 or XP_013837108_1 or XP_003132229_1 or XP_003132227_1 or XP_003132226_1 or XP_003132225_1 or XP_020941259_1 or XP_020941258_1 or NP_001038075_1 or XP_005668988_1 or NP_001191688_1 or XP_020941256_1 or NP_001137192_1 or XP_020926286_1 or XP_020926284_1 or XP_013837108_1 or XP_003132229_1 or XP_003132227_1 or XP_003132226_1 or XP_003132225_1 or (4830_AT1 and 4831_AT1)
NDPK4,XP_020945099_1 or XP_020945098_1 or XP_020945101_1 or XP_020945100_1 or XP_020926286_1 or XP_020926284_1 or XP_013837108_1 or XP_003132229_1 or XP_003132227_1 or XP_003132226_1 or XP_003132225_1 or (4830_AT1 and 4831_AT1) or NP_001231379_1 or NP_001231378_1 or XP_013843207_1 or XP_013843206_1 or XP_020941257_1 or XP_020926286_1 or XP_020926284_1 or XP_013837108_1 or XP_003132229_1 or XP_003132227_1 or XP_003132226_1 or XP_003132225_1 or XP_020941259_1 or XP_020941258_1 or NP_001038075_1 or XP_005668988_1 or NP_001191688_1 or XP_020941256_1 or NP_001137192_1 or 29922_AT2 or (4831_AT1 and 4830_AT2)
NDPK5,XP_020945099_1 or XP_020945098_1 or XP_020945101_1 or XP_020945100_1 or XP_020926286_1 or XP_020926284_1 or XP_013837108_1 or XP_003132229_1 or XP_003132227_1 or XP_003132226_1 or XP_003132225_1 or (4830_AT1 and 4831_AT1) or 29922_AT2 or NP_001231379_1 or NP_001231378_1 or XP_013843207_1 or XP_013843206_1 or XP_020941257_1 or XP_020926286_1 or XP_020926284_1 or XP_013837108_1 or XP_003132229_1 or XP_003132227_1 or XP_003132226_1 or XP_003132225_1 or XP_020941259_1 or XP_020941258_1 or NP_001038075_1 or XP_005668988_1 or NP_001191688_1 or XP_020941256_1 or NP_001137192_1 or (4831_AT1 and 4830_AT2)
NDPK6,XP_020945099_1 or XP_020945098_1 or XP_020945101_1 or XP_020945100_1 or XP_020926286_1 or XP_020926284_1 or XP_013837108_1 or XP_003132229_1 or XP_003132227_1 or XP_003132226_1 or XP_003132225_1 or (4831_AT1 and 4830_AT2) or 29922_AT2 or NP_001231379_1 or NP_001231378_1 or XP_013843207_1 or XP_013843206_1 or XP_020941257_1 or XP_020926286_1 or XP_020926284_1 or XP_013837108_1 or XP_003132229_1 or XP_003132227_1 or XP_003132226_1 or XP_003132225_1 or XP_020941259_1 or XP_020941258_1 or NP_001038075_1 or XP_005668988_1 or NP_001191688_1 or XP_020941256_1 or NP_001137192_1 or (4831_AT1 and 4830_AT1)
NDPK7,XP_020926286_1 or XP_020926284_1 or XP_013837108_1 or XP_003132229_1 or XP_003132227_1 or XP_003132226_1 or XP_003132225_1 or XP_020945099_1 or XP_020945098_1 or XP_020945101_1 or XP_020945100_1 or NP_001231379_1 or NP_001231378_1 or XP_013843207_1 or XP_013843206_1 or XP_020941257_1 or XP_020926286_1 or XP_020926284_1 or XP_013837108_1 or XP_003132229_1 or XP_003132227_1 or XP_003132226_1 or XP_003132225_1 or XP_020941259_1 or XP_020941258_1 or NP_001038075_1 or XP_005668988_1 or NP_001191688_1 or XP_020941256_1 or NP_001137192_1 or (4830_AT1 and 4831_AT1) or (4830_AT2 and 4831_AT1) or 29922_AT2
NDPK8,XP_020926286_1 or XP_020926284_1 or XP_013837108_1 or XP_003132229_1 or XP_003132227_1 or XP_003132226_1 or XP_003132225_1 or XP_020945099_1 or XP_020945098_1 or XP_020945101_1 or XP_020945100_1 or (4830_AT1 and 4831_AT1) or NP_001231379_1 or NP_001231378_1 or XP_013843207_1 or XP_013843206_1 or XP_020941257_1 or XP_020926286_1 or XP_020926284_1 or XP_013837108_1 or XP_003132229_1 or XP_003132227_1 or XP_003132226_1 or XP_003132225_1 or XP_020941259_1 or XP_020941258_1 or NP_001038075_1 or XP_005668988_1 or NP_001191688_1 or XP_020941256_1 or NP_001137192_1 or 29922_AT2 or (4831_AT1 and 4830_AT2)
NOS1,XP_020928357_1 or XP_020928356_1 or XP_020928355_1 or XP_020928354_1 or XP_020921845_1 or XP_013836620_1 or XP_005669136_1 or XP_013836623_1 or NP_001137162_1 or XP_020928359_1 or XP_020928358_1 or NP_999460_1 or 4843_AT1 or 4844_AT1 or 4845_AT1 or NP_999460_1 or XP_020928359_1 or XP_020928358_1 or XP_020928357_1 or XP_020928356_1 or XP_020928355_1 or XP_020928354_1 or XP_020921845_1 or XP_013836620_1 or XP_005669136_1 or XP_013836623_1 or NP_001137162_1 or XP_020921845_1 or XP_013836620_1 or XP_005669136_1 or XP_013836623_1 or NP_001137162_1 or XP_020928359_1 or XP_020928358_1 or NP_999460_1 or XP_020928357_1 or XP_020928356_1 or XP_020928355_1 or XP_020928354_1
NOS2,XP_020928357_1 or XP_020928356_1 or XP_020928355_1 or XP_020928354_1 or XP_020921845_1 or XP_013836620_1 or XP_005669136_1 or XP_013836623_1 or NP_001137162_1 or XP_020928359_1 or XP_020928358_1 or NP_999460_1 or 4843_AT1 or 4845_AT1 or 4844_AT1 or NP_999460_1 or XP_020928359_1 or XP_020928358_1 or XP_020928357_1 or XP_020928356_1 or XP_020928355_1 or XP_020928354_1 or XP_020921845_1 or XP_013836620_1 or XP_005669136_1 or XP_013836623_1 or NP_001137162_1 or XP_020921845_1 or XP_013836620_1 or XP_005669136_1 or XP_013836623_1 or NP_001137162_1 or XP_020928359_1 or XP_020928358_1 or NP_999460_1 or XP_020928357_1 or XP_020928356_1 or XP_020928355_1 or XP_020928354_1
NRPPHRSULT,6818_AT3 or 6818_AT1 or NP_998930_1 or XP_020956461_1 or XP_013851342_1 or XP_005662396_1 or XP_005656568_1 or XP_013851348_1 or XP_013851347_1 or XP_013851346_1 or XP_013851345_1 or XP_013851344_1 or XP_003354749_1 or XP_003354750_1 or XP_020956116_1 or XP_020956115_1 or NP_999157_1 or XP_013851343_2 or XP_020956118_1 or XP_020956117_1
OIVD1m,(1629_AT1 and NP_999227_1 and (594_AT2 and 593_AT1)) or (1629_AT1 and NP_999227_1 and (594_AT1 and 593_AT1))
OIVD2m,((594_AT2 and 593_AT1) and NP_999227_1 and 1629_AT1) or ((594_AT1 and 593_AT1) and NP_999227_1 and 1629_AT1)
OIVD3m,((593_AT1 and 594_AT2) and NP_999227_1 and 1629_AT1) or ((594_AT1 and 593_AT1) and NP_999227_1 and 1629_AT1)
P5CDm,NP_001239142_1 or 8659_AT2
P5CR,65263_AT1 or XP_003130590_1 or XP_020922076_1 or XP_020922075_1 or XP_020922074_1 or XP_020920070_1 or XP_005653842_1 or XP_020922073_1 or XP_020922067_1 or XP_020922072_1 or XP_020922071_1 or XP_020922069_1 or XP_020922068_1
P5CRm,XP_020922073_1 or XP_020922067_1 or XP_020922072_1 or XP_020922071_1 or XP_020922069_1 or XP_020922068_1 or XP_020922076_1 or XP_020922075_1 or XP_020922074_1 or XP_003130590_1 or XP_020920070_1 or XP_005653842_1 or 5831_AT2
P5CRx,65263_AT1 or XP_003130590_1 or XP_020922076_1 or XP_020922075_1 or XP_020922074_1 or XP_020920070_1 or XP_005653842_1 or XP_020922073_1 or XP_020922067_1 or XP_020922072_1 or XP_020922071_1 or XP_020922069_1 or XP_020922068_1
P5CRxm,5831_AT2 or XP_020922073_1 or XP_020922067_1 or XP_020922072_1 or XP_020922071_1 or XP_020922069_1 or XP_020922068_1 or XP_020922076_1 or XP_020922075_1 or XP_020922074_1 or XP_003130590_1 or XP_020920070_1 or XP_005653842_1
PCLYSOX,XP_020925246_1 or XP_020941920_1 or XP_003127625_1 or XP_020925247_1 or XP_020941919_1 or XP_020925245_1 or XP_003127625_1 or XP_020925247_1 or XP_020925246_1 or XP_020925245_1 or XP_020941920_1 or XP_020941919_1 or 5352_AT1 or XP_020941920_1 or XP_020941919_1 or XP_020925246_1 or XP_020925245_1 or XP_003127625_1 or XP_020925247_1
PDHm,(1737_AT1 and (1738_AT1 and 8050_AT1) and (5161_AT1 and 5162_AT1)) or ((5160_AT1 and 5162_AT1) and NP_999159_1 and (1738_AT1 and 8050_AT1))
PEAMNO,314_AT2 or NP_001001864_1 or XP_013841525_2 or NP_001001640_1 or XP_020935191_1 or XP_005673626_1 or NP_001001640_1 or NP_001001864_1 or XP_013841525_2 or XP_020935191_1 or XP_005673626_1 or XP_020934345_1 or XP_020934344_1 or XP_020934343_1 or XP_020934342_1 or XP_003134601_1 or XP_003131441_2 or XP_020922632_1 or XP_020922633_1 or XP_020922634_1
PFK,XP_020946870_1 or XP_020946869_1 or XP_020946868_1 or XP_020946867_1 or XP_020946865_1 or XP_020946864_1 or XP_020946866_1 or NP_001038015_1 or XP_020920725_1 or XP_020927169_1 or (5211_AT1 and 5213_AT1) or 5211_AT1 or XP_020927169_1 or XP_020920725_1 or XP_020946870_1 or XP_020946869_1 or XP_020946868_1 or XP_020946867_1 or XP_020946865_1 or XP_020946864_1 or XP_020946866_1 or NP_001038015_1 or (5214_AT1 and 5211_AT2) or XP_020927169_1 or XP_020920725_1 or XP_020946870_1 or XP_020946869_1 or XP_020946868_1 or XP_020946867_1 or XP_020946865_1 or XP_020946864_1 or XP_020946866_1 or NP_001038015_1 or (5211_AT2 and 5213_AT1) or (5214_AT1 and 5213_AT1) or (5211_AT1 and 5214_AT1)
PGK,NP_001093402_1 or NP_998947_1 or NP_998947_1 or NP_001093402_1 or 348477_AT1
PGM,XP_020934104_1 or XP_020934103_1 or XP_020934102_1 or XP_020934101_1 or NP_001128440_1 or XP_003483583_1 or XP_020934835_1 or XP_020934835_1 or XP_020934104_1 or XP_020934103_1 or XP_020934102_1 or XP_020934101_1 or NP_001128440_1 or XP_003483583_1 or 669_AT2 or XP_003483583_1 or XP_020934104_1 or XP_020934103_1 or XP_020934102_1 or XP_020934101_1 or NP_001128440_1 or XP_020934835_1 or 5224_AT1
PHCDm,NP_001239142_1 or 8659_AT2
PIt2m,5250_AT3 or 5250_AT4 or 5250_AT1 or NP_001157984_1
PRAGSr,XP_020926604_1 or 2618_AT2
PRAIS,XP_020926604_1 or 2618_AT2
PROAKGOX1r,(5034_AT1 and 5033_AT1) or (5034_AT1 and 8974_AT1)
PRPPS,XP_003135349_1 or NP_001230730_1 or XP_003130238_1 or NP_001230730_1 or XP_003135349_1 or XP_003130238_1 or XP_003135349_1 or NP_001230730_1 or XP_003130238_1 or 221823_AT2
PSERT,XP_020920809_1 or 29968_AT1
PSP_L,8781_AT1 or XP_020941291_1 or XP_005662058_1 or NP_001230150_1
PTRCOX1,XP_003131441_2 or XP_020922632_1 or XP_020922633_1 or XP_020934345_1 or XP_020934344_1 or XP_020934343_1 or XP_020934342_1 or XP_020922634_1 or XP_003134601_1 or XP_020934345_1 or XP_020934344_1 or XP_020934343_1 or XP_020934342_1 or XP_003134601_1 or 314_AT2 or XP_003131441_2 or XP_020922632_1 or XP_020922633_1 or XP_020922634_1
PYK,5315_AT3 or XP_020945383_1 or XP_020945382_1 or XP_020954766_1 or XP_020945381_1 or XP_020945380_1 or XP_020954784_1 or XP_020954783_1 or XP_001929104_1 or XP_020954782_1 or XP_020954781_1 or XP_020954780_1 or XP_020954778_1 or XP_020954777_1 or XP_013833562_1 or XP_005666245_1 or XP_005666244_1 or XP_020954765_1 or 5313_AT1 or XP_003356346_1 or XP_005665252_1 or XP_005665251_1 or XP_020951495_1 or XP_020951494_1 or XP_013854583_1 or XP_005665253_1 or XP_020954784_1 or XP_020954783_1 or XP_001929104_1 or XP_020954782_1 or XP_020954781_1 or XP_020954780_1 or XP_020954778_1 or XP_020954777_1 or XP_013833562_1 or XP_005666245_1 or XP_005666244_1 or XP_020945381_1 or XP_020945380_1 or XP_020945383_1 or XP_020945382_1 or XP_020954766_1 or XP_020954765_1 or 5315_AT1
RPE,XP_003133677_1 or XP_013839909_1 or XP_020931394_1 or XP_013839907_1 or XP_013839908_1 or 6120_AT1
SALMCOM,NP_001182259_1 or XP_005670994_1 or XP_005670993_1 or 1312_AT1 or XP_020928809_1
SSALxm,NP_001231396_1 or 7915_AT2
THYPX,7173_AT5 or 7173_AT4 or XP_020941550_1 or NP_001171681_1 or NP_001001771_1 or XP_020950058_1 or XP_020936363_1 or XP_020936373_1 or XP_020941549_1 or 7173_AT2 or 7173_AT1
TPI,NP_001032228_1 or 286016_AT1
TRDR,7296_AT1 or 7296_AT2 or 7296_AT4 or NP_001162173_2 or NP_999319_2 or XP_013837478_2
TRIODTHYSULT,6817_AT1 or 6817_AT2 or 6817_AT3 or 6817_AT5 or XP_020941836_1 or XP_020956461_1 or XP_013851342_1 or XP_005662396_1 or XP_003354750_1 or XP_005656568_1 or XP_020956116_1 or XP_020956115_1 or NP_999157_1 or XP_013851348_1 or XP_013851347_1 or XP_013851346_1 or XP_013851345_1 or XP_013851344_1 or XP_003354749_1 or XP_013851343_2 or XP_020956118_1 or XP_020956117_1 or XP_020941835_1 or NP_998930_1
TRYPTAOX,NP_001001640_1 or NP_001001864_1 or XP_013841525_2 or XP_020935191_1 or XP_005673626_1 or NP_001001864_1 or XP_013841525_2 or NP_001001640_1 or XP_020935191_1 or XP_005673626_1 or 314_AT2 or XP_020934345_1 or XP_020934344_1 or XP_020934343_1 or XP_020934342_1 or XP_003134601_1 or XP_003131441_2 or XP_020922632_1 or XP_020922633_1 or XP_020922634_1
TYMSULT,6817_AT2 or 6817_AT1 or 6817_AT3 or 6817_AT5 or XP_020941836_1 or XP_020956461_1 or XP_013851342_1 or XP_005662396_1 or XP_003354750_1 or XP_005656568_1 or XP_020956116_1 or XP_020956115_1 or NP_999157_1 or XP_013851348_1 or XP_013851347_1 or XP_013851346_1 or XP_013851345_1 or XP_013851344_1 or XP_003354749_1 or XP_013851343_2 or XP_020956118_1 or XP_020956117_1 or XP_020941835_1 or NP_998930_1 or 6818_AT3 or 6818_AT1 or NP_998930_1 or XP_020956461_1 or XP_013851342_1 or XP_005662396_1 or XP_005656568_1 or XP_013851348_1 or XP_013851347_1 or XP_013851346_1 or XP_013851345_1 or XP_013851344_1 or XP_003354749_1 or XP_003354750_1 or XP_020956116_1 or XP_020956115_1 or NP_999157_1 or XP_013851343_2 or XP_020956118_1 or XP_020956117_1
TYR3MO2,XP_020941111_1 or XP_020948315_1 or XP_020938925_1 or XP_005661154_1 or XP_003122989_1 or XP_020947662_1 or 7054_AT1 or 7054_AT2
UAG4Ei,XP_020951188_1 or XP_003356250_1 or 2582_AT1
UDPG4E,2582_AT1 or XP_020951188_1 or XP_003356250_1
UGLT,2592_AT3 or 2592_AT1 or XP_005668100_1 or XP_003357765_1 or XP_005668101_1
